{
  "resourceType" : "Bundle",
  "id" : "e3af6ecb-e102-4c94-a104-57878cb2dc50",
  "meta" : {
    "lastUpdated" : "2026-02-13T11:20:43.554+00:00"
  },
  "type" : "collection",
  "entry" : [{
    "fullUrl" : "https://fhir.ee/ValueSet/sagedus-ajas",
    "resource" : {
      "resourceType" : "ValueSet",
      "text" : {
        "status" : "generated",
        "div" : "<div xmlns=\"http://www.w3.org/1999/xhtml\" data-fhir=\"generated\"><p class=\"res-header-id\"/><p style=\"border: black 1px dotted; background-color: #ffcccc; padding: 8px; margin-bottom: 8px\">Expansion based on code system fragment <a href=\"CodeSystem-sagedus-ajas.html\">https://fhir.ee/CodeSystem/sagedus-ajas Sagedus ajas v1.0.0 (CodeSystem)</a><span class=\"copy-text-inline\"><button data-clipboard-text=\"https://fhir.ee/CodeSystem/sagedus-ajas|1.0.0\" title=\"Click to Copy URL\" class=\"btn-copy\"> </button></span></p><p style=\"border: black 1px dotted; background-color: #EEEEEE; padding: 8px; margin-bottom: 8px\">Expansion performed internally based on <a href=\"CodeSystem-sagedus-ajas.html\">codesystem Sagedus ajas v1.0.0 (CodeSystem)</a><span class=\"copy-text-inline\"><button data-clipboard-text=\"https://fhir.ee/CodeSystem/sagedus-ajas|1.0.0\" title=\"Click to Copy URL\" class=\"btn-copy\"> </button></span></p><p>This value set contains at least 3 concepts</p><table class=\"codes\" data-fhir=\"generated\"><tr><td><b>System</b></td><td style=\"white-space:nowrap\"><b>Code</b></td><td><b>Display (en)</b></td><td><b>JSON</b></td><td><b>XML</b></td></tr><tr><td><a name=\"x-https://fhir.ee/CodeSystem/sagedus-ajas-/wk\"> </a><code>https://fhir.ee/CodeSystem/sagedus-ajas</code></td><td style=\"white-space:nowrap\">\u00a0\u00a0<a href=\"CodeSystem-sagedus-ajas.html#sagedus-ajas-.47wk\">/wk</a></td><td>nädalas</td><td><span class=\"copy-text-inline\"><button data-clipboard-text=\"{&quot;system&quot;: &quot;https://fhir.ee/CodeSystem/sagedus-ajas&quot;, &quot;version&quot;: &quot;1.0.0&quot;, &quot;code&quot;: &quot;/wk&quot;, &quot;display&quot;: &quot;nädalas&quot;}\" title=\"Click to Copy as Coding\" class=\"btn-copy\"> </button></span></td><td><span class=\"copy-text-inline\"><button data-clipboard-text=\"&lt;coding&gt;&lt;system value=&quot;https://fhir.ee/CodeSystem/sagedus-ajas&quot;&gt;&lt;version value=&quot;1.0.0&quot;&gt;&lt;code value=&quot;/wk&quot;&gt;&lt;display value=&quot;nädalas&quot;&gt;&lt;/coding&gt;\" title=\"Click to Copy as Coding\" class=\"btn-copy\"> </button></span></td></tr><tr><td><a name=\"x-https://fhir.ee/CodeSystem/sagedus-ajas-/d\"> </a><code>https://fhir.ee/CodeSystem/sagedus-ajas</code></td><td style=\"white-space:nowrap\">\u00a0\u00a0<a href=\"CodeSystem-sagedus-ajas.html#sagedus-ajas-.47d\">/d</a></td><td>päevas</td><td><span class=\"copy-text-inline\"><button data-clipboard-text=\"{&quot;system&quot;: &quot;https://fhir.ee/CodeSystem/sagedus-ajas&quot;, &quot;version&quot;: &quot;1.0.0&quot;, &quot;code&quot;: &quot;/d&quot;, &quot;display&quot;: &quot;päevas&quot;}\" title=\"Click to Copy as Coding\" class=\"btn-copy\"> </button></span></td><td><span class=\"copy-text-inline\"><button data-clipboard-text=\"&lt;coding&gt;&lt;system value=&quot;https://fhir.ee/CodeSystem/sagedus-ajas&quot;&gt;&lt;version value=&quot;1.0.0&quot;&gt;&lt;code value=&quot;/d&quot;&gt;&lt;display value=&quot;päevas&quot;&gt;&lt;/coding&gt;\" title=\"Click to Copy as Coding\" class=\"btn-copy\"> </button></span></td></tr><tr><td><a name=\"x-https://fhir.ee/CodeSystem/sagedus-ajas-/mo\"> </a><code>https://fhir.ee/CodeSystem/sagedus-ajas</code></td><td style=\"white-space:nowrap\">\u00a0\u00a0<a href=\"CodeSystem-sagedus-ajas.html#sagedus-ajas-.47mo\">/mo</a></td><td>kuus</td><td><span class=\"copy-text-inline\"><button data-clipboard-text=\"{&quot;system&quot;: &quot;https://fhir.ee/CodeSystem/sagedus-ajas&quot;, &quot;version&quot;: &quot;1.0.0&quot;, &quot;code&quot;: &quot;/mo&quot;, &quot;display&quot;: &quot;kuus&quot;}\" title=\"Click to Copy as Coding\" class=\"btn-copy\"> </button></span></td><td><span class=\"copy-text-inline\"><button data-clipboard-text=\"&lt;coding&gt;&lt;system value=&quot;https://fhir.ee/CodeSystem/sagedus-ajas&quot;&gt;&lt;version value=&quot;1.0.0&quot;&gt;&lt;code value=&quot;/mo&quot;&gt;&lt;display value=&quot;kuus&quot;&gt;&lt;/coding&gt;\" title=\"Click to Copy as Coding\" class=\"btn-copy\"> </button></span></td></tr></table></div>"
      },
      "url" : "https://fhir.ee/ValueSet/sagedus-ajas",
      "version" : "1.0.0",
      "name" : "Sagedus_VS",
      "title" : "Sagedus ajas loend",
      "status" : "active",
      "experimental" : false,
      "date" : "2026-02-13T11:20:43+00:00",
      "jurisdiction" : [{
        "coding" : [{
          "system" : "urn:iso:std:iso:3166",
          "code" : "EST",
          "display" : "Estonia"
        }]
      }],
      "expansion" : {
        "identifier" : "urn:uuid:57c9b3ed-21bf-4427-acaa-7c1c89e8122d",
        "timestamp" : "2026-02-13T11:27:50+00:00",
        "total" : 3,
        "offset" : 0,
        "parameter" : [{
          "name" : "displayLanguage",
          "valueCode" : "en"
        },
        {
          "name" : "count",
          "valueInteger" : 1000
        },
        {
          "name" : "offset",
          "valueInteger" : 0
        },
        {
          "name" : "excludeNested",
          "valueBoolean" : false
        },
        {
          "name" : "warning-draft",
          "valueUri" : "https://fhir.ee/CodeSystem/sagedus-ajas|1.0.0"
        },
        {
          "name" : "used-codesystem",
          "valueUri" : "https://fhir.ee/CodeSystem/sagedus-ajas|1.0.0"
        },
        {
          "name" : "fragment",
          "valueCanonical" : "https://fhir.ee/CodeSystem/sagedus-ajas|1.0.0"
        }],
        "contains" : [{
          "system" : "https://fhir.ee/CodeSystem/sagedus-ajas",
          "code" : "/wk",
          "display" : "nädalas"
        },
        {
          "system" : "https://fhir.ee/CodeSystem/sagedus-ajas",
          "code" : "/d",
          "display" : "päevas"
        },
        {
          "system" : "https://fhir.ee/CodeSystem/sagedus-ajas",
          "code" : "/mo",
          "display" : "kuus"
        }]
      }
    }
  }]
}