<?xml version="1.0" encoding="UTF-8"?>

<CodeSystem xmlns="http://hl7.org/fhir">
  <id value="sagedus-ajas"/>
  <text>
    <status value="generated"/><div xmlns="http://www.w3.org/1999/xhtml"><p class="res-header-id"><b>Generated Narrative: CodeSystem sagedus-ajas</b></p><a name="sagedus-ajas"> </a><a name="hcsagedus-ajas"> </a><p>This  code system <code>https://fhir.ee/CodeSystem/sagedus-ajas</code> provides <b>a fragment</b> that includes following codes:</p><table class="codes"><tr><td style="white-space:nowrap"><b>Code</b></td><td><b>Display</b></td></tr><tr><td style="white-space:nowrap">/wk<a name="sagedus-ajas-.47wk"> </a></td><td>nädalas</td></tr><tr><td style="white-space:nowrap">/d<a name="sagedus-ajas-.47d"> </a></td><td>päevas</td></tr><tr><td style="white-space:nowrap">/mo<a name="sagedus-ajas-.47mo"> </a></td><td>kuus</td></tr></table><p><b>Additional Language Displays</b></p><table class="codes"><tr><td><b>Code</b></td><td><b>English (English, en)</b></td><td><b>Русский (Russian, ru)</b></td></tr><tr><td>/wk</td><td>per week</td><td/></tr><tr><td>/d</td><td>per day</td><td/></tr><tr><td>/mo</td><td>per month</td><td/></tr></table></div>
  </text>
  <url value="https://fhir.ee/CodeSystem/sagedus-ajas"/>
  <version value="1.0.0"/>
  <name value="Sagedus_CS"/>
  <title value="Sagedus ajas"/>
  <status value="draft"/>
  <experimental value="false"/>
  <date value="2026-02-13T11:19:48+00:00"/>
  <publisher value="TEHIK"/>
  <contact>
    <name value="TEHIK"/>
    <telecom>
      <system value="url"/>
      <value value="https://tehik.ee"/>
    </telecom>
    <telecom>
      <system value="email"/>
      <value value="abi@tehik.ee"/>
    </telecom>
  </contact>
  <description value="No actual CS in terminology server. Sageduse mõõtühikud UCUM notatsioonis"/>
  <jurisdiction>
    <coding>
      <system value="urn:iso:std:iso:3166"/>
      <code value="EST"/>
      <display value="Estonia"/>
    </coding>
  </jurisdiction>
  <content value="fragment"/>
  <concept>
    <code value="/wk"/>
    <display value="nädalas"/>
    <designation>
      <language value="en"/>
      <value value="per week"/>
    </designation>
    <designation>
      <language value="ru"/>
    </designation>
  </concept>
  <concept>
    <code value="/d"/>
    <display value="päevas"/>
    <designation>
      <language value="en"/>
      <value value="per day"/>
    </designation>
    <designation>
      <language value="ru"/>
    </designation>
  </concept>
  <concept>
    <code value="/mo"/>
    <display value="kuus"/>
    <designation>
      <language value="en"/>
      <value value="per month"/>
    </designation>
    <designation>
      <language value="ru"/>
    </designation>
  </concept>
</CodeSystem>