{
  "resourceType" : "ImplementationGuide",
  "id" : "ee.fhir.qre",
  "text" : {
    "status" : "generated",
    "div" : "<div xmlns=\"http://www.w3.org/1999/xhtml\"><p class=\"res-header-id\"><b>Generated Narrative: ImplementationGuide ee.fhir.qre</b></p><a name=\"ee.fhir.qre\"> </a><a name=\"hcee.fhir.qre\"> </a><h2>QRE</h2><p>The official URL for this implementation guide is: </p><pre>https://fhir.ee/qre/ImplementationGuide/ee.fhir.qre</pre></div>"
  },
  "url" : "https://fhir.ee/qre/ImplementationGuide/ee.fhir.qre",
  "version" : "1.0.0",
  "name" : "QRE",
  "title" : "Küsimustike teenus",
  "status" : "active",
  "date" : "2026-02-13T11:19:48+00:00",
  "publisher" : "TEHIK",
  "contact" : [{
    "name" : "TEHIK",
    "telecom" : [{
      "system" : "url",
      "value" : "https://tehik.ee"
    },
    {
      "system" : "email",
      "value" : "abi@tehik.ee"
    }]
  }],
  "jurisdiction" : [{
    "coding" : [{
      "system" : "urn:iso:std:iso:3166",
      "code" : "EST",
      "display" : "Estonia"
    }]
  }],
  "packageId" : "ee.fhir.qre",
  "license" : "MIT",
  "fhirVersion" : ["5.0.0"],
  "dependsOn" : [{
    "id" : "hl7tx",
    "extension" : [{
      "url" : "http://hl7.org/fhir/tools/StructureDefinition/implementationguide-dependency-comment",
      "valueMarkdown" : "Automatically added as a dependency - all IGs depend on HL7 Terminology"
    }],
    "uri" : "http://terminology.hl7.org/ImplementationGuide/hl7.terminology",
    "packageId" : "hl7.terminology.r5",
    "version" : "7.0.1"
  },
  {
    "id" : "hl7ext",
    "extension" : [{
      "url" : "http://hl7.org/fhir/tools/StructureDefinition/implementationguide-dependency-comment",
      "valueMarkdown" : "Automatically added as a dependency - all IGs depend on the HL7 Extension Pack"
    }],
    "uri" : "http://hl7.org/fhir/extensions/ImplementationGuide/hl7.fhir.uv.extensions",
    "packageId" : "hl7.fhir.uv.extensions.r5",
    "version" : "5.2.0"
  }],
  "definition" : {
    "extension" : [{
      "url" : "http://hl7.org/fhir/tools/StructureDefinition/ig-internal-dependency",
      "valueCode" : "hl7.fhir.uv.tools.r5#0.9.0"
    }],
    "resource" : [{
      "extension" : [{
        "url" : "http://hl7.org/fhir/tools/StructureDefinition/resource-information",
        "valueString" : "StructureDefinition:resource"
      }],
      "reference" : {
        "reference" : "StructureDefinition/ee-health-declaration-questionnaire"
      },
      "name" : "EEHealthDeclarationQuestionnaire",
      "description" : "Tervisedeklaratsiooni küsimustiku profiil",
      "isExample" : false
    },
    {
      "extension" : [{
        "url" : "http://hl7.org/fhir/tools/StructureDefinition/resource-information",
        "valueString" : "Questionnaire"
      }],
      "reference" : {
        "reference" : "Questionnaire/Questionnaire-PET"
      },
      "name" : "Patsiendi elulõpu tahteavaldus",
      "description" : "Näidis patsiendi elulõpu tahteavaldusest",
      "isExample" : true,
      "profile" : ["https://fhir.ee/qre/StructureDefinition/pet-questionnaire"]
    },
    {
      "extension" : [{
        "url" : "http://hl7.org/fhir/tools/StructureDefinition/resource-information",
        "valueString" : "StructureDefinition:resource"
      }],
      "reference" : {
        "reference" : "StructureDefinition/pet-questionnaire"
      },
      "name" : "PETQuestionnaire",
      "description" : "Patsiendi elulõpu tahteavaldus",
      "isExample" : false
    },
    {
      "extension" : [{
        "url" : "http://hl7.org/fhir/tools/StructureDefinition/resource-information",
        "valueString" : "CodeSystem"
      }],
      "reference" : {
        "reference" : "CodeSystem/sagedus-ajas"
      },
      "name" : "Sagedus ajas",
      "description" : "No actual CS in terminology server. Sageduse mõõtühikud UCUM notatsioonis",
      "isExample" : false
    },
    {
      "extension" : [{
        "url" : "http://hl7.org/fhir/tools/StructureDefinition/resource-information",
        "valueString" : "ValueSet"
      }],
      "reference" : {
        "reference" : "ValueSet/sagedus-ajas"
      },
      "name" : "Sagedus ajas loend",
      "description" : "No actual VS in terminology server. Sageduse mõõtühikud UCUM notatsioonis",
      "isExample" : false
    },
    {
      "extension" : [{
        "url" : "http://hl7.org/fhir/tools/StructureDefinition/resource-information",
        "valueString" : "Questionnaire"
      }],
      "reference" : {
        "reference" : "Questionnaire/Questionnaire-health-declaration-with-text"
      },
      "name" : "Tervisedeklaratsioon",
      "description" : "Näidis töötervishoiu tervisedeklaratsiooni küsimustikust",
      "isExample" : true,
      "profile" : ["https://fhir.ee/qre/StructureDefinition/ee-health-declaration-questionnaire"]
    },
    {
      "extension" : [{
        "url" : "http://hl7.org/fhir/tools/StructureDefinition/resource-information",
        "valueString" : "Questionnaire"
      }],
      "reference" : {
        "reference" : "Questionnaire/Questionnaire-health-declaration"
      },
      "name" : "Tervisedeklaratsioon",
      "description" : "Näidis töötervishoiu tervisedeklaratsiooni küsimustikust",
      "isExample" : false,
      "profile" : ["https://fhir.ee/qre/StructureDefinition/ee-health-declaration-questionnaire"]
    },
    {
      "extension" : [{
        "url" : "http://hl7.org/fhir/tools/StructureDefinition/resource-information",
        "valueString" : "Questionnaire"
      }],
      "reference" : {
        "reference" : "Questionnaire/Questionnaire-health-declaration-cda"
      },
      "name" : "Tervisedeklaratsioon CDA-st",
      "description" : "Näidis töötervishoiu tervisedeklaratsiooni küsimustikust CDA andmete migreerimiseks",
      "isExample" : true,
      "profile" : ["https://fhir.ee/qre/StructureDefinition/ee-health-declaration-questionnaire"]
    }],
    "page" : {
      "sourceUrl" : "toc.html",
      "name" : "toc.html",
      "title" : "Table of Contents",
      "generation" : "html",
      "page" : [{
        "sourceUrl" : "index.html",
        "name" : "index.html",
        "title" : "Sissejuhatus",
        "generation" : "markdown"
      },
      {
        "sourceUrl" : "download.html",
        "name" : "download.html",
        "title" : "Allalaadimised",
        "generation" : "markdown"
      }]
    },
    "parameter" : [{
      "code" : {
        "system" : "http://hl7.org/fhir/tools/CodeSystem/ig-parameters",
        "code" : "copyrightyear"
      },
      "value" : "2025+"
    },
    {
      "code" : {
        "system" : "http://hl7.org/fhir/tools/CodeSystem/ig-parameters",
        "code" : "releaselabel"
      },
      "value" : "trial-use"
    },
    {
      "code" : {
        "system" : "http://hl7.org/fhir/tools/CodeSystem/ig-parameters",
        "code" : "autoload-resources"
      },
      "value" : "true"
    },
    {
      "code" : {
        "system" : "http://hl7.org/fhir/guide-parameter-code",
        "code" : "path-resource"
      },
      "value" : "input/capabilities"
    },
    {
      "code" : {
        "system" : "http://hl7.org/fhir/guide-parameter-code",
        "code" : "path-resource"
      },
      "value" : "input/examples"
    },
    {
      "code" : {
        "system" : "http://hl7.org/fhir/guide-parameter-code",
        "code" : "path-resource"
      },
      "value" : "input/extensions"
    },
    {
      "code" : {
        "system" : "http://hl7.org/fhir/guide-parameter-code",
        "code" : "path-resource"
      },
      "value" : "input/models"
    },
    {
      "code" : {
        "system" : "http://hl7.org/fhir/guide-parameter-code",
        "code" : "path-resource"
      },
      "value" : "input/operations"
    },
    {
      "code" : {
        "system" : "http://hl7.org/fhir/guide-parameter-code",
        "code" : "path-resource"
      },
      "value" : "input/profiles"
    },
    {
      "code" : {
        "system" : "http://hl7.org/fhir/guide-parameter-code",
        "code" : "path-resource"
      },
      "value" : "input/resources"
    },
    {
      "code" : {
        "system" : "http://hl7.org/fhir/guide-parameter-code",
        "code" : "path-resource"
      },
      "value" : "input/vocabulary"
    },
    {
      "code" : {
        "system" : "http://hl7.org/fhir/guide-parameter-code",
        "code" : "path-resource"
      },
      "value" : "input/maps"
    },
    {
      "code" : {
        "system" : "http://hl7.org/fhir/guide-parameter-code",
        "code" : "path-resource"
      },
      "value" : "input/testing"
    },
    {
      "code" : {
        "system" : "http://hl7.org/fhir/guide-parameter-code",
        "code" : "path-resource"
      },
      "value" : "input/history"
    },
    {
      "code" : {
        "system" : "http://hl7.org/fhir/guide-parameter-code",
        "code" : "path-resource"
      },
      "value" : "fsh-generated/resources"
    },
    {
      "code" : {
        "system" : "http://hl7.org/fhir/guide-parameter-code",
        "code" : "path-pages"
      },
      "value" : "template/config"
    },
    {
      "code" : {
        "system" : "http://hl7.org/fhir/guide-parameter-code",
        "code" : "path-pages"
      },
      "value" : "input/images"
    },
    {
      "code" : {
        "system" : "http://hl7.org/fhir/tools/CodeSystem/ig-parameters",
        "code" : "path-liquid"
      },
      "value" : "template/liquid"
    },
    {
      "code" : {
        "system" : "http://hl7.org/fhir/tools/CodeSystem/ig-parameters",
        "code" : "path-liquid"
      },
      "value" : "input/liquid"
    },
    {
      "code" : {
        "system" : "http://hl7.org/fhir/tools/CodeSystem/ig-parameters",
        "code" : "path-qa"
      },
      "value" : "temp/qa"
    },
    {
      "code" : {
        "system" : "http://hl7.org/fhir/tools/CodeSystem/ig-parameters",
        "code" : "path-temp"
      },
      "value" : "temp/pages"
    },
    {
      "code" : {
        "system" : "http://hl7.org/fhir/tools/CodeSystem/ig-parameters",
        "code" : "path-output"
      },
      "value" : "output"
    },
    {
      "code" : {
        "system" : "http://hl7.org/fhir/guide-parameter-code",
        "code" : "path-tx-cache"
      },
      "value" : "input-cache/txcache"
    },
    {
      "code" : {
        "system" : "http://hl7.org/fhir/tools/CodeSystem/ig-parameters",
        "code" : "path-suppressed-warnings"
      },
      "value" : "input/ignoreWarnings.txt"
    },
    {
      "code" : {
        "system" : "http://hl7.org/fhir/tools/CodeSystem/ig-parameters",
        "code" : "path-history"
      },
      "value" : "https://fhir.ee/qre/history.html"
    },
    {
      "code" : {
        "system" : "http://hl7.org/fhir/tools/CodeSystem/ig-parameters",
        "code" : "template-html"
      },
      "value" : "template-page.html"
    },
    {
      "code" : {
        "system" : "http://hl7.org/fhir/tools/CodeSystem/ig-parameters",
        "code" : "template-md"
      },
      "value" : "template-page-md.html"
    },
    {
      "code" : {
        "system" : "http://hl7.org/fhir/tools/CodeSystem/ig-parameters",
        "code" : "apply-contact"
      },
      "value" : "true"
    },
    {
      "code" : {
        "system" : "http://hl7.org/fhir/tools/CodeSystem/ig-parameters",
        "code" : "apply-context"
      },
      "value" : "true"
    },
    {
      "code" : {
        "system" : "http://hl7.org/fhir/tools/CodeSystem/ig-parameters",
        "code" : "apply-copyright"
      },
      "value" : "true"
    },
    {
      "code" : {
        "system" : "http://hl7.org/fhir/tools/CodeSystem/ig-parameters",
        "code" : "apply-jurisdiction"
      },
      "value" : "true"
    },
    {
      "code" : {
        "system" : "http://hl7.org/fhir/tools/CodeSystem/ig-parameters",
        "code" : "apply-license"
      },
      "value" : "true"
    },
    {
      "code" : {
        "system" : "http://hl7.org/fhir/tools/CodeSystem/ig-parameters",
        "code" : "apply-publisher"
      },
      "value" : "true"
    },
    {
      "code" : {
        "system" : "http://hl7.org/fhir/tools/CodeSystem/ig-parameters",
        "code" : "apply-version"
      },
      "value" : "true"
    },
    {
      "code" : {
        "system" : "http://hl7.org/fhir/tools/CodeSystem/ig-parameters",
        "code" : "apply-wg"
      },
      "value" : "true"
    },
    {
      "code" : {
        "system" : "http://hl7.org/fhir/tools/CodeSystem/ig-parameters",
        "code" : "active-tables"
      },
      "value" : "true"
    },
    {
      "code" : {
        "system" : "http://hl7.org/fhir/tools/CodeSystem/ig-parameters",
        "code" : "fmm-definition"
      },
      "value" : "http://hl7.org/fhir/versions.html#maturity"
    },
    {
      "code" : {
        "system" : "http://hl7.org/fhir/tools/CodeSystem/ig-parameters",
        "code" : "propagate-status"
      },
      "value" : "true"
    },
    {
      "code" : {
        "system" : "http://hl7.org/fhir/tools/CodeSystem/ig-parameters",
        "code" : "excludelogbinaryformat"
      },
      "value" : "true"
    },
    {
      "code" : {
        "system" : "http://hl7.org/fhir/tools/CodeSystem/ig-parameters",
        "code" : "tabbed-snapshots"
      },
      "value" : "true"
    }]
  }
}