<?xml version="1.0" encoding="UTF-8"?><ImplementationGuide xmlns="http://hl7.org/fhir"><id value="ee.fhir.qre"/><text><status value="generated"/><div xmlns="http://www.w3.org/1999/xhtml"><p class="res-header-id"><b>Generated Narrative: ImplementationGuide ee.fhir.qre</b></p><a name="ee.fhir.qre"> </a><a name="hcee.fhir.qre"> </a><h2>QRE</h2><p>The official URL for this implementation guide is: </p><pre>https://fhir.ee/qre/ImplementationGuide/ee.fhir.qre</pre></div></text><url value="https://fhir.ee/qre/ImplementationGuide/ee.fhir.qre"/><version value="1.0.0"/><name value="QRE"/><title value="Küsimustike teenus"/><status value="active"/><date value="2026-02-13T11:17:37+00:00"/><publisher value="TEHIK"/><contact><name value="TEHIK"/><telecom><system value="url"/><value value="https://tehik.ee"/></telecom><telecom><system value="email"/><value value="abi@tehik.ee"/></telecom></contact><jurisdiction><coding><system value="urn:iso:std:iso:3166"/><code value="EST"/><display value="Estonia"/></coding></jurisdiction><packageId value="ee.fhir.qre"/><license value="MIT"/><fhirVersion value="5.0.0"/><dependsOn id="hl7tx"><extension url="http://hl7.org/fhir/tools/StructureDefinition/implementationguide-dependency-comment"><valueMarkdown value="Automatically added as a dependency - all IGs depend on HL7 Terminology"/></extension><uri value="http://terminology.hl7.org/ImplementationGuide/hl7.terminology"/><packageId value="hl7.terminology.r5"/><version value="7.0.1"/></dependsOn><dependsOn id="hl7ext"><extension url="http://hl7.org/fhir/tools/StructureDefinition/implementationguide-dependency-comment"><valueMarkdown value="Automatically added as a dependency - all IGs depend on the HL7 Extension Pack"/></extension><uri value="http://hl7.org/fhir/extensions/ImplementationGuide/hl7.fhir.uv.extensions"/><packageId value="hl7.fhir.uv.extensions.r5"/><version value="5.2.0"/></dependsOn><definition><extension url="http://hl7.org/fhir/tools/StructureDefinition/ig-internal-dependency"><valueCode value="hl7.fhir.uv.tools.r5#0.9.0"/></extension><grouping id="-str-questionnaire"><name value="Structures: Questionnaires"/><description value="These define forms used by systems conforming to this implementation guide to capture or expose data to end users."/></grouping><grouping id="-str-profile"><name value="Structures: Resource Profiles"/><description value="These define constraints on FHIR resources for systems conforming to this implementation guide."/></grouping><grouping id="-term-valueset"><name value="Terminology: Value Sets"/><description value="These define sets of codes used by systems conforming to this implementation guide."/></grouping><grouping id="-term-codesystem"><name value="Terminology: Code Systems"/><description value="These define new code systems used by systems conforming to this implementation guide."/></grouping><grouping id="-ex-example"><name value="Example: Example Instances"/><description value="These are example instances that show what data produced and consumed by systems conforming with this implementation guide might look like."/></grouping><resource><extension url="http://hl7.org/fhir/tools/StructureDefinition/resource-sort"><valueInteger value="999999999"/></extension><extension url="http://hl7.org/fhir/StructureDefinition/implementationguide-page"><valueUri value="Questionnaire-Questionnaire-health-declaration.html"/></extension><reference><reference value="Questionnaire/Questionnaire-health-declaration"/></reference><name value="Tervisedeklaratsioon"/><description value="Näidis töötervishoiu tervisedeklaratsiooni küsimustikust"/><isExample value="false"/><groupingId value="-str-questionnaire"/></resource><resource><extension url="http://hl7.org/fhir/tools/StructureDefinition/resource-sort"><valueInteger value="999999999"/></extension><extension url="http://hl7.org/fhir/StructureDefinition/implementationguide-page"><valueUri value="StructureDefinition-ee-health-declaration-questionnaire.html"/></extension><reference><reference value="StructureDefinition/ee-health-declaration-questionnaire"/></reference><name value="EEHealthDeclarationQuestionnaire"/><description value="Tervisedeklaratsiooni küsimustiku profiil"/><isExample value="false"/><groupingId value="-str-profile"/></resource><resource><extension url="http://hl7.org/fhir/tools/StructureDefinition/resource-sort"><valueInteger value="999999999"/></extension><extension url="http://hl7.org/fhir/StructureDefinition/implementationguide-page"><valueUri value="StructureDefinition-pet-questionnaire.html"/></extension><reference><reference value="StructureDefinition/pet-questionnaire"/></reference><name value="PETQuestionnaire"/><description value="Patsiendi elulõpu tahteavaldus"/><isExample value="false"/><groupingId value="-str-profile"/></resource><resource><extension url="http://hl7.org/fhir/tools/StructureDefinition/resource-sort"><valueInteger value="999999999"/></extension><extension url="http://hl7.org/fhir/StructureDefinition/implementationguide-page"><valueUri value="ValueSet-sagedus-ajas.html"/></extension><reference><reference value="ValueSet/sagedus-ajas"/></reference><name value="Sagedus ajas loend"/><description value="No actual VS in terminology server. Sageduse mõõtühikud UCUM notatsioonis"/><isExample value="false"/><groupingId value="-term-valueset"/></resource><resource><extension url="http://hl7.org/fhir/tools/StructureDefinition/resource-sort"><valueInteger value="999999999"/></extension><extension url="http://hl7.org/fhir/StructureDefinition/implementationguide-page"><valueUri value="CodeSystem-sagedus-ajas.html"/></extension><reference><reference value="CodeSystem/sagedus-ajas"/></reference><name value="Sagedus ajas"/><description value="No actual CS in terminology server. Sageduse mõõtühikud UCUM notatsioonis"/><isExample value="false"/><groupingId value="-term-codesystem"/></resource><resource><extension url="http://hl7.org/fhir/tools/StructureDefinition/resource-sort"><valueInteger value="999999999"/></extension><extension url="http://hl7.org/fhir/StructureDefinition/implementationguide-page"><valueUri value="Questionnaire-Questionnaire-PET.html"/></extension><reference><reference value="Questionnaire/Questionnaire-PET"/></reference><name value="Patsiendi elulõpu tahteavaldus"/><description value="Näidis patsiendi elulõpu tahteavaldusest"/><isExample value="true"/><profile value="https://fhir.ee/qre/StructureDefinition/pet-questionnaire"/><groupingId value="-ex-example"/></resource><resource><extension url="http://hl7.org/fhir/tools/StructureDefinition/resource-sort"><valueInteger value="999999999"/></extension><extension url="http://hl7.org/fhir/StructureDefinition/implementationguide-page"><valueUri value="Questionnaire-Questionnaire-health-declaration-with-text.html"/></extension><reference><reference value="Questionnaire/Questionnaire-health-declaration-with-text"/></reference><name value="Tervisedeklaratsioon"/><description value="Näidis töötervishoiu tervisedeklaratsiooni küsimustikust"/><isExample value="true"/><profile value="https://fhir.ee/qre/StructureDefinition/ee-health-declaration-questionnaire"/><groupingId value="-ex-example"/></resource><resource><extension url="http://hl7.org/fhir/tools/StructureDefinition/resource-sort"><valueInteger value="999999999"/></extension><extension url="http://hl7.org/fhir/StructureDefinition/implementationguide-page"><valueUri value="Questionnaire-Questionnaire-health-declaration-cda.html"/></extension><reference><reference value="Questionnaire/Questionnaire-health-declaration-cda"/></reference><name value="Tervisedeklaratsioon CDA-st"/><description value="Näidis töötervishoiu tervisedeklaratsiooni küsimustikust CDA andmete migreerimiseks"/><isExample value="true"/><profile value="https://fhir.ee/qre/StructureDefinition/ee-health-declaration-questionnaire"/><groupingId value="-ex-example"/></resource><page><sourceUrl value="toc.html"/><name value="toc.html"/><title value="Table of Contents"/><generation value="html"/><page><sourceUrl value="index.html"/><name value="index.html"/><title value="Sissejuhatus"/><generation value="markdown"/></page><page><sourceUrl value="download.html"/><name value="download.html"/><title value="Allalaadimised"/><generation value="markdown"/></page><page><sourceUrl value="artifacts.html"/><name value="artifacts.html"/><title value="Artifacts Summary"/><generation value="html"/><page><sourceUrl value="Questionnaire-Questionnaire-health-declaration.html"/><name value="Questionnaire-Questionnaire-health-declaration.html"/><title value="Tervisedeklaratsioon"/><generation value="generated"/></page><page><sourceUrl value="StructureDefinition-ee-health-declaration-questionnaire.html"/><name value="StructureDefinition-ee-health-declaration-questionnaire.html"/><title value="EEHealthDeclarationQuestionnaire"/><generation value="generated"/></page><page><sourceUrl value="StructureDefinition-pet-questionnaire.html"/><name value="StructureDefinition-pet-questionnaire.html"/><title value="PETQuestionnaire"/><generation value="generated"/></page><page><sourceUrl value="ValueSet-sagedus-ajas.html"/><name value="ValueSet-sagedus-ajas.html"/><title value="Sagedus ajas loend"/><generation value="generated"/></page><page><sourceUrl value="CodeSystem-sagedus-ajas.html"/><name value="CodeSystem-sagedus-ajas.html"/><title value="Sagedus ajas"/><generation value="generated"/></page><page><sourceUrl value="Questionnaire-Questionnaire-PET.html"/><name value="Questionnaire-Questionnaire-PET.html"/><title value="Patsiendi elulõpu tahteavaldus"/><generation value="generated"/></page><page><sourceUrl value="Questionnaire-Questionnaire-health-declaration-with-text.html"/><name value="Questionnaire-Questionnaire-health-declaration-with-text.html"/><title value="Tervisedeklaratsioon"/><generation value="generated"/></page><page><sourceUrl value="Questionnaire-Questionnaire-health-declaration-cda.html"/><name value="Questionnaire-Questionnaire-health-declaration-cda.html"/><title value="Tervisedeklaratsioon CDA-st"/><generation value="generated"/></page></page></page><parameter><code><system value="http://hl7.org/fhir/tools/CodeSystem/ig-parameters"/><code value="copyrightyear"/></code><value value="2025+"/></parameter><parameter><code><system value="http://hl7.org/fhir/tools/CodeSystem/ig-parameters"/><code value="releaselabel"/></code><value value="trial-use"/></parameter><parameter><code><system value="http://hl7.org/fhir/tools/CodeSystem/ig-parameters"/><code value="autoload-resources"/></code><value value="true"/></parameter><parameter><code><system value="http://hl7.org/fhir/guide-parameter-code"/><code value="path-resource"/></code><value value="input/capabilities"/></parameter><parameter><code><system value="http://hl7.org/fhir/guide-parameter-code"/><code value="path-resource"/></code><value value="input/examples"/></parameter><parameter><code><system value="http://hl7.org/fhir/guide-parameter-code"/><code value="path-resource"/></code><value value="input/extensions"/></parameter><parameter><code><system value="http://hl7.org/fhir/guide-parameter-code"/><code value="path-resource"/></code><value value="input/models"/></parameter><parameter><code><system value="http://hl7.org/fhir/guide-parameter-code"/><code value="path-resource"/></code><value value="input/operations"/></parameter><parameter><code><system value="http://hl7.org/fhir/guide-parameter-code"/><code value="path-resource"/></code><value value="input/profiles"/></parameter><parameter><code><system value="http://hl7.org/fhir/guide-parameter-code"/><code value="path-resource"/></code><value value="input/resources"/></parameter><parameter><code><system value="http://hl7.org/fhir/guide-parameter-code"/><code value="path-resource"/></code><value value="input/vocabulary"/></parameter><parameter><code><system value="http://hl7.org/fhir/guide-parameter-code"/><code value="path-resource"/></code><value value="input/maps"/></parameter><parameter><code><system value="http://hl7.org/fhir/guide-parameter-code"/><code value="path-resource"/></code><value value="input/testing"/></parameter><parameter><code><system value="http://hl7.org/fhir/guide-parameter-code"/><code value="path-resource"/></code><value value="input/history"/></parameter><parameter><code><system value="http://hl7.org/fhir/guide-parameter-code"/><code value="path-resource"/></code><value value="fsh-generated/resources"/></parameter><parameter><code><system value="http://hl7.org/fhir/guide-parameter-code"/><code value="path-pages"/></code><value value="template/config"/></parameter><parameter><code><system value="http://hl7.org/fhir/guide-parameter-code"/><code value="path-pages"/></code><value value="input/images"/></parameter><parameter><code><system value="http://hl7.org/fhir/tools/CodeSystem/ig-parameters"/><code value="path-liquid"/></code><value value="template/liquid"/></parameter><parameter><code><system value="http://hl7.org/fhir/tools/CodeSystem/ig-parameters"/><code value="path-liquid"/></code><value value="input/liquid"/></parameter><parameter><code><system value="http://hl7.org/fhir/tools/CodeSystem/ig-parameters"/><code value="path-qa"/></code><value value="temp/qa"/></parameter><parameter><code><system value="http://hl7.org/fhir/tools/CodeSystem/ig-parameters"/><code value="path-temp"/></code><value value="temp/pages"/></parameter><parameter><code><system value="http://hl7.org/fhir/tools/CodeSystem/ig-parameters"/><code value="path-output"/></code><value value="output"/></parameter><parameter><code><system value="http://hl7.org/fhir/guide-parameter-code"/><code value="path-tx-cache"/></code><value value="input-cache/txcache"/></parameter><parameter><code><system value="http://hl7.org/fhir/tools/CodeSystem/ig-parameters"/><code value="path-suppressed-warnings"/></code><value value="input/ignoreWarnings.txt"/></parameter><parameter><code><system value="http://hl7.org/fhir/tools/CodeSystem/ig-parameters"/><code value="path-history"/></code><value value="https://fhir.ee/qre/history.html"/></parameter><parameter><code><system value="http://hl7.org/fhir/tools/CodeSystem/ig-parameters"/><code value="template-html"/></code><value value="template-page.html"/></parameter><parameter><code><system value="http://hl7.org/fhir/tools/CodeSystem/ig-parameters"/><code value="template-md"/></code><value value="template-page-md.html"/></parameter><parameter><code><system value="http://hl7.org/fhir/tools/CodeSystem/ig-parameters"/><code value="apply-contact"/></code><value value="true"/></parameter><parameter><code><system value="http://hl7.org/fhir/tools/CodeSystem/ig-parameters"/><code value="apply-context"/></code><value value="true"/></parameter><parameter><code><system value="http://hl7.org/fhir/tools/CodeSystem/ig-parameters"/><code value="apply-copyright"/></code><value value="true"/></parameter><parameter><code><system value="http://hl7.org/fhir/tools/CodeSystem/ig-parameters"/><code value="apply-jurisdiction"/></code><value value="true"/></parameter><parameter><code><system value="http://hl7.org/fhir/tools/CodeSystem/ig-parameters"/><code value="apply-license"/></code><value value="true"/></parameter><parameter><code><system value="http://hl7.org/fhir/tools/CodeSystem/ig-parameters"/><code value="apply-publisher"/></code><value value="true"/></parameter><parameter><code><system value="http://hl7.org/fhir/tools/CodeSystem/ig-parameters"/><code value="apply-version"/></code><value value="true"/></parameter><parameter><code><system value="http://hl7.org/fhir/tools/CodeSystem/ig-parameters"/><code value="apply-wg"/></code><value value="true"/></parameter><parameter><code><system value="http://hl7.org/fhir/tools/CodeSystem/ig-parameters"/><code value="active-tables"/></code><value value="true"/></parameter><parameter><code><system value="http://hl7.org/fhir/tools/CodeSystem/ig-parameters"/><code value="fmm-definition"/></code><value value="http://hl7.org/fhir/versions.html#maturity"/></parameter><parameter><code><system value="http://hl7.org/fhir/tools/CodeSystem/ig-parameters"/><code value="propagate-status"/></code><value value="true"/></parameter><parameter><code><system value="http://hl7.org/fhir/tools/CodeSystem/ig-parameters"/><code value="excludelogbinaryformat"/></code><value value="true"/></parameter><parameter><code><system value="http://hl7.org/fhir/tools/CodeSystem/ig-parameters"/><code value="tabbed-snapshots"/></code><value value="true"/></parameter></definition></ImplementationGuide>