{
  "package": "ee.fhir.qre",
  "version": "1.0.0",
  "fhirVersion": "5.0.0",
  "jurisdiction": "EST",
  "extensions": [],
  "profiles": {
    "Questionnaire": [
      {
        "url": "https://fhir.ee/qre/StructureDefinition/ee-health-declaration-questionnaire",
        "title": "EEHealthDeclarationQuestionnaire"
      },
      {
        "url": "https://fhir.ee/qre/StructureDefinition/pet-questionnaire",
        "title": "PETQuestionnaire"
      }
    ]
  },
  "usage": {
    "http://hl7.org/fhir/StructureDefinition/elementdefinition-bindingName": [
      "StructureDefinition.snapshot.element.binding"
    ],
    "http://hl7.org/fhir/StructureDefinition/elementdefinition-translatable": [
      "StructureDefinition.snapshot.element"
    ],
    "http://hl7.org/fhir/StructureDefinition/maxValue": [
      "Questionnaire.item.item.item",
      "Questionnaire.item.item.item.item"
    ],
    "http://hl7.org/fhir/StructureDefinition/minValue": [
      "Questionnaire.item.item.item",
      "Questionnaire.item.item.item.item"
    ],
    "http://hl7.org/fhir/StructureDefinition/questionnaire-itemControl": [
      "Questionnaire.item.item",
      "Questionnaire.item.item.item"
    ],
    "http://hl7.org/fhir/StructureDefinition/questionnaire-unitOption": [
      "Questionnaire.item.item.item"
    ],
    "http://hl7.org/fhir/StructureDefinition/structuredefinition-fhir-type": [
      "StructureDefinition.snapshot.element.type"
    ],
    "http://hl7.org/fhir/StructureDefinition/structuredefinition-implements": [
      "StructureDefinition"
    ],
    "http://hl7.org/fhir/tools/StructureDefinition/ig-internal-dependency": [
      "ImplementationGuide.definition"
    ],
    "http://hl7.org/fhir/tools/StructureDefinition/implementationguide-dependency-comment": [
      "ImplementationGuide.dependsOn"
    ],
    "http://hl7.org/fhir/tools/StructureDefinition/resource-information": [
      "ImplementationGuide.definition.resource"
    ],
    "http://hl7.org/fhir/tools/StructureDefinition/snapshot-base-version": [
      "StructureDefinition.snapshot"
    ]
  }
}