<?xml version="1.0" encoding="UTF-8"?><ValueSet xmlns="http://hl7.org/fhir"><id value="sagedus-ajas"/><text><status value="generated"/><div xmlns="http://www.w3.org/1999/xhtml"><p class="res-header-id"><b>Generated Narrative: ValueSet sagedus-ajas</b></p><a name="sagedus-ajas"> </a><a name="hcsagedus-ajas"> </a><ul><li>Include all codes defined in <a href="CodeSystem-sagedus-ajas.html"><code>https://fhir.ee/CodeSystem/sagedus-ajas</code></a><span title="Version is not explicitly stated, which means it is fixed to the version provided in this specification"> version 📦1.0.0</span></li></ul></div></text><url value="https://fhir.ee/ValueSet/sagedus-ajas"/><version value="1.0.0"/><name value="Sagedus_VS"/><title value="Sagedus ajas loend"/><status value="active"/><experimental value="false"/><date value="2026-02-13T11:20:43+00:00"/><publisher value="TEHIK"/><contact><name value="TEHIK"/><telecom><system value="url"/><value value="https://tehik.ee"/></telecom><telecom><system value="email"/><value value="abi@tehik.ee"/></telecom></contact><description value="No actual VS in terminology server. Sageduse mõõtühikud UCUM notatsioonis"/><jurisdiction><coding><system value="urn:iso:std:iso:3166"/><code value="EST"/><display value="Estonia"/></coding></jurisdiction><compose><include><system value="https://fhir.ee/CodeSystem/sagedus-ajas"/></include></compose></ValueSet>