{
  "codeSystems" : [
    {
      "url" : "http://hl7.org/fhir/administrative-gender",
      "version" : "5.0.0",
      "status" : "active",
      "name" : "AdministrativeGender",
      "title" : "AdministrativeGender",
      "description" : "The gender of a person used for administrative purposes.",
      "oids" : ["2.16.840.1.113883.4.642.4.2"],
      "uses" : {
      },
      "http://hl7.org/fhir/R5/valueset-administrative-gender.html" : "AdministrativeGender"
    },
    {
      "url" : "https://fhir.ee/CodeSystem/sagedus-ajas",
      "version" : "1.0.0",
      "status" : "draft",
      "name" : "Sagedus_CS",
      "title" : "Sagedus ajas",
      "description" : "No actual CS in terminology server. Sageduse mõõtühikud UCUM notatsioonis",
      "uses" : {
      },
      "ValueSet-sagedus-ajas.html" : "Sagedus ajas loend"
    }
  ]
}
